mode,total_images,success_count,success_rate,avg_inference_time_ms,avg_error_mm,std_error_mm,min_error_mm,max_error_mm,avg_confidence
opencv,8,8,1.0,2.652764320373535,137.15455159172464,62.92382184560481,41.31448771822018,201.7557420895713,0.7
yolo,8,8,1.0,335.65106987953186,70.8957904894134,41.2711032859118,24.702186827054145,135.36017792989267,0.6826746091246605
hybrid,8,8,1.0,605.647623538971,137.93413505399056,63.81725824444649,41.31448771822018,205.46092842328179,0.6826746091246605
