mode,total_images,success_count,success_rate,avg_inference_time_ms,avg_error_mm,std_error_mm,min_error_mm,max_error_mm,avg_confidence
opencv,8,8,1.0,3.1990408897399902,23.74792718613,2.4971469225193066,19.08493040809361,26.505389813391417,0.7
yolo,8,5,0.625,473.7785756587982,19.559371949039956,3.8067922517346116,15.72865915981757,27.151856160368528,0.576553151011467
hybrid,8,5,0.625,295.98528146743774,23.74792718613,2.4971469225193066,19.08493040809361,26.505389813391417,0.5537879331204394
