mode,total_images,success_count,success_rate,avg_inference_time_ms,avg_error_mm,std_error_mm,min_error_mm,max_error_mm,avg_confidence
opencv,6,6,1.0,3.2154321670532227,60.531578180767724,47.341336602766056,9.246955274459609,108.24407238033777,0.7000000000000001
yolo,6,3,0.5,2016.5815750757854,505.8707468847622,493.1308074543,10.32531770720313,999.0,0.30204296112060547
hybrid,6,3,0.5,820.9718863169352,569.8006309201459,433.8923684235017,13.327847338871026,999.0,0.30204296112060547
