{
  "total_images": 11,
  "folder": "./test_images_cropped",
  "modes": {
    "opencv": {
      "mode": "opencv",
      "total_images": 11,
      "success_count": 11,
      "success_rate": 1.0,
      "avg_inference_time_ms": 3.9933161302046343,
      "avg_error_mm": 132.61236896539293,
      "std_error_mm": 54.259847085783704,
      "min_error_mm": 41.31448771822018,
      "max_error_mm": 201.7557420895713,
      "avg_confidence": 0.7000000000000001
    },
    "yolo": {
      "mode": "yolo",
      "total_images": 11,
      "success_count": 10,
      "success_rate": 0.9090909090909091,
      "avg_inference_time_ms": 315.67209417169744,
      "avg_error_mm": 161.32968135921064,
      "std_error_mm": 267.54264413832715,
      "min_error_mm": 24.702186827054145,
      "max_error_mm": 999.0,
      "avg_confidence": 0.6124531030654907
    },
    "hybrid": {
      "mode": "hybrid",
      "total_images": 11,
      "success_count": 10,
      "success_rate": 0.9090909090909091,
      "avg_inference_time_ms": 185.77831441705877,
      "avg_error_mm": 213.19522967885322,
      "std_error_mm": 254.4799883749394,
      "min_error_mm": 41.31448771822018,
      "max_error_mm": 999.0,
      "avg_confidence": 0.6124531030654907
    }
  }
}