{
  "total_images": 8,
  "folder": "./test_images_cropped",
  "modes": {
    "opencv": {
      "mode": "opencv",
      "total_images": 8,
      "success_count": 8,
      "success_rate": 1.0,
      "avg_inference_time_ms": 2.6359260082244873,
      "avg_error_mm": 70.56492465196041,
      "std_error_mm": 47.45736543740503,
      "min_error_mm": 19.08493040809361,
      "max_error_mm": 118.4032855590226,
      "avg_confidence": 0.7
    },
    "yolo": {
      "mode": "yolo",
      "total_images": 8,
      "success_count": 5,
      "success_rate": 0.625,
      "avg_inference_time_ms": 527.5394916534424,
      "avg_error_mm": 20.1187504904193,
      "std_error_mm": 3.4308237998603577,
      "min_error_mm": 15.961628155882428,
      "max_error_mm": 27.151856160368528,
      "avg_confidence": 0.5879444666206837
    },
    "hybrid": {
      "mode": "hybrid",
      "total_images": 8,
      "success_count": 5,
      "success_rate": 0.625,
      "avg_inference_time_ms": 390.4719948768616,
      "avg_error_mm": 102.55368419630507,
      "std_error_mm": 85.7592363413862,
      "min_error_mm": 19.08493040809361,
      "max_error_mm": 215.81836782110915,
      "avg_confidence": 0.5670341665165306
    }
  }
}