mode,total_images,success_count,success_rate,avg_inference_time_ms,avg_error_mm,std_error_mm,min_error_mm,max_error_mm,avg_confidence
opencv,8,8,1.0,2.6359260082244873,70.56492465196041,47.45736543740503,19.08493040809361,118.4032855590226,0.7
yolo,8,5,0.625,527.5394916534424,20.1187504904193,3.4308237998603577,15.961628155882428,27.151856160368528,0.5879444666206837
hybrid,8,5,0.625,390.4719948768616,102.55368419630507,85.7592363413862,19.08493040809361,215.81836782110915,0.5670341665165306
