mode,total_images,success_count,success_rate,avg_inference_time_ms,avg_error_mm,std_error_mm,min_error_mm,max_error_mm,avg_confidence
opencv,6,6,1.0,2.0265976587931314,137.8597080941843,23.95659630675573,107.63540830929311,163.13289636560634,0.7000000000000001
yolo,6,3,0.5,183.58178933461508,555.3157749329926,443.68526897992234,109.7157970698462,999.0,0.30204296112060547
hybrid,6,3,0.5,1098.893443743388,588.7108057761044,411.47442506654556,116.01318783845794,999.0,0.30204296112060547
