{
  "total_images": 8,
  "folder": "./test_images_cropped",
  "modes": {
    "opencv": {
      "mode": "opencv",
      "total_images": 8,
      "success_count": 8,
      "success_rate": 1.0,
      "avg_inference_time_ms": 2.348959445953369,
      "avg_error_mm": 70.18799636600838,
      "std_error_mm": 47.28388619596743,
      "min_error_mm": 18.499478097988224,
      "max_error_mm": 117.82237000206582,
      "avg_confidence": 0.7
    },
    "yolo": {
      "mode": "yolo",
      "total_images": 8,
      "success_count": 5,
      "success_rate": 0.625,
      "avg_inference_time_ms": 670.2103316783905,
      "avg_error_mm": 508.72328353972625,
      "std_error_mm": 490.278541207257,
      "min_error_mm": 15.961628155882428,
      "max_error_mm": 999.0,
      "avg_confidence": 0.42714591324329376
    },
    "hybrid": {
      "mode": "hybrid",
      "total_images": 8,
      "success_count": 5,
      "success_rate": 0.625,
      "avg_inference_time_ms": 272.22880721092224,
      "avg_error_mm": 574.5409785270826,
      "std_error_mm": 429.1905339804649,
      "min_error_mm": 22.988182885901228,
      "max_error_mm": 999.0,
      "avg_confidence": 0.42714591324329376
    }
  }
}