mode,total_images,success_count,success_rate,avg_inference_time_ms,avg_error_mm,std_error_mm,min_error_mm,max_error_mm,avg_confidence
opencv,8,8,1.0,2.348959445953369,70.18799636600838,47.28388619596743,18.499478097988224,117.82237000206582,0.7
yolo,8,5,0.625,670.2103316783905,508.72328353972625,490.278541207257,15.961628155882428,999.0,0.42714591324329376
hybrid,8,5,0.625,272.22880721092224,574.5409785270826,429.1905339804649,22.988182885901228,999.0,0.42714591324329376
