mode,total_images,success_count,success_rate,avg_inference_time_ms,avg_error_mm,std_error_mm,min_error_mm,max_error_mm,avg_confidence
opencv,6,6,1.0,1.8790165583292644,70.18799636600838,47.28388619596743,18.499478097988224,117.82237000206582,0.7000000000000001
yolo,6,3,0.5,227.4709145228068,508.72328353972625,490.278541207257,15.961628155882428,999.0,0.30204296112060547
hybrid,6,3,0.5,164.58304723103842,574.5409785270826,429.1905339804649,22.988182885901228,999.0,0.30204296112060547
