mode,total_images,success_count,success_rate,avg_inference_time_ms,avg_error_mm,std_error_mm,min_error_mm,max_error_mm,avg_confidence
opencv,8,8,1.0,13.636976480484009,164.3460361192783,69.73769548046192,9.69955975045923,205.44061793966782,0.8846011663021972
yolo,8,5,0.625,2836.1981213092804,19.314293820403268,4.082846009464655,14.258190387997457,27.151856160368528,0.5879444666206837
hybrid,8,7,0.875,1543.6089634895325,75.05841225134311,91.14773913176019,9.682531000576299,205.44061793966782,0.6840252014538144
